{
    "validation": {
        "precision": 0.8243243243243243,
        "recall": 0.8243243243243243,
        "f1": 0.8243243243243243,
        "roc_auc": 0.9801101309999943
    },
    "test": {
        "precision": 0.7894736842105263,
        "recall": 0.8108108108108109,
        "f1": 0.8,
        "roc_auc": 0.9692840702266703
    }
}